Finished Scrubbing,Index,UNITID,School Name,Course Catalog Status,Note(s)
No,1,228723,Texas A & M University-College Station,,
No ,2,236939,Washington State University,Other - PDF Website Hybrid,"Corses differ by campus, do we search through all campus's or just the main one? https://www.catalog.wsu.edu/ "
No ,3,178396,University of Missouri-Columbia,,
No,4,176017,University of Mississippi,Website,https://catalog.olemiss.edu/
No,5,131496,Georgetown University,,
No,6,209542,Oregon State University,Website,https://catalog.oregonstate.edu/courses/
No,7,104179,University of Arizona,,
No,8,190150,Columbia University in the City of New York,Website,http://bulletin.columbia.edu/columbia-college/departments-instruction/
No,9,110680,University of California-San Diego,,
No,10,126818,Colorado State University-Fort Collins,Website,Need to make sure this is specifically for Fort Collins. http://catalog.colostate.edu/general-catalog/courses-az/
No,11,195030,University of Rochester,,
No,12,196088,University at Buffalo,Website,https://catalog.buffalo.edu/
No,13,225511,University of Houston,,
No,14,132903,University of Central Florida,Website - Very bad structure,http://catalog.ucf.edu/
No,15,155399,Kansas State University,,
No,16,187985,University of New Mexico-Main Campus,Website,Need to make sure this is specifically for the main campus. http://catalog.unm.edu/catalogs/2019-2020/courses/index.html
No,17,110705,University of California-Santa Barbara,,
No,18,110714,University of California-Santa Cruz,Website,Scrolled down till you see 'Course Descriptions' on the left-side bar. https://registrar.ucsc.edu/catalog/programs-courses/course-descriptions/index.html
No,19,164988,Boston University,,
No,20,147767,Northwestern University,Other - PDF Website Hybrid,PDF - https://www.registrar.northwestern.edu/documents/registration/catalog-archive/2017-18_NU_Undergraduate_Catalog.pdf                                     Website - https://www.northwestern.edu/class-descriptions/
No,21,227757,Rice University,,
No,22,110671,University of California-Riverside,Website - Very bad structure,https://registrationssb.ucr.edu/StudentRegistrationSsb/ssb/term/termSelection?mode=search
No,23,134097,Florida State University,,
No,24,211440,Carnegie Mellon University,Website,http://coursecatalog.web.cmu.edu/coursedescriptions/
No,25,100663,University of Alabama at Birmingham,,
No,26,110662,University of California-Los Angeles,Website,https://www.registrar.ucla.edu/Academics/Course-Descriptions
No,27,123961,University of Southern California,,
No,28,110635,University of California-Berkeley,Website,http://guide.berkeley.edu/courses/
No,29,104151,Arizona State University-Tempe,,
No,30,157085,University of Kentucky,Other - PDF Website Hybrid,http://www.uky.edu/registrar/2018-2019-courses
No,31,100858,Auburn University,,
No,32,133669,Florida Atlantic University,Website,https://www.fau.edu/academic/registrar/FAUcatalog/CourseDescriptions.php
No,33,196079,Binghamton University,,
No,34,127060,University of Denver,Website - Very bad structure,https://myweb.du.edu/mdb/bwlkffcs.p_disp_dyn_ctlg
No,35,149222,Southern Illinois University-Carbondale,,
No,36,145813,Illinois State University,Website,https://coursefinder.illinoisstate.edu/directory/
No,37,206084,University of Toledo,,
No,38,180489,The University of Montana,Website,http://catalog.umt.edu/courses/
No,39,207971,University of Tulsa,,
No,40,176080,Mississippi State University,Website,http://catalog.msstate.edu/graduate/colleges-degree-programs/
No,41,147536,National Louis University,,
No,42,142276,Idaho State University,Website,http://coursecat.isu.edu/undergraduate/allcourses/
No,43,200697,Air Force Institute of Technology-Graduate School of Engineering & Management,,
No,44,110316,California Institute of Integral Studies,Website - Very bad structure,https://www.ciis.edu/academics/course-descriptions
No,45,195809,St John's University-New York,,
No,46,139931,Georgia Southern University,Website,https://catalog.georgiasouthern.edu/academics/course-descriptions/
No,47,437097,University of Management and Technology,,
No,48,219976,Lipscomb University,Website - Very bad structure,http://catalog.lipscomb.edu/content.php?catoid=5&navoid=223
No,49,174914,University of St Thomas,,
No,50,195003,Rochester Institute of Technology,Other - Archived PDFs,https://www.rit.edu/academicaffairs/registrar/course-catalogs
No,51,482158,Middle Georgia State University,,
No,52,468024,South University-Novi,Other - No website or PDF,"The campus is closing so I think they're wiping out all online archives, since we only need history do I still look into them?"
No,53,168281,Wheaton College,,
No,54,140553,Morehouse College,Other - Archived PDFs,https://www.morehouse.edu/recordsregistration/coursecatalog.html
No,55,245652,St. John's College,,
No,56,154855,Central Christian College of Kansas,Other - Catalougue with no descriptions,http://www.centralchristian.edu/course-offerings
No,57,143084,Augustana College,,
No,58,459268,South University–Virginia Beach,Other - No website or PDF,Same situation as with the Novi campus.
No,59,458973,Strayer University-Texas,,
No,60,206491,Wilberforce University,Other - Archived PDFs,This is for the 2017-18 academic year only. http://wilberforce.edu/wp-content/uploads/2016/03/2017-2018-Wilberforce-University-Catalog-Official.pdf
No,61,233301,Randolph College,,
No,62,198215,Catawba College,Other - Archived PDFs,https://catawba.edu/academics/catalog/
No,63,130697,Wesleyan University,,
No,64,154527,Wartburg College,Website - Very bad structure,http://catalog.wartburg.edu/index.php
No,65,112260,Claremont McKenna College,,
No,66,484701,University of Phoenix-Missouri,Does this school even exist? I can't see a Missouri campus.,
No,67,214731,Pennsylvania State University-Penn State Brandywine,,
No,68,209065,Linfield College-McMinnville Campus,Other - Archived PDFs,https://www.linfield.edu/catalog.html
No,69,199607,Salem College,,
No,70,207689,St. Gregory's University,School no longer exists.,https://stgregorys.edu/index.html
No,71,157331,Maysville Community and Technical College,,
No,72,214111,Montgomery County Community College,Website,https://selfservice.mc3.edu/Student/Courses
No,73,240693,Western Wyoming Community College,,
No,74,366395,Suffolk County Community College,Other - Archived PDFs,https://www.sunysuffolk.edu/explore-academics/college-catalog/index.jsp
No,75,453473,American National University-Cincinnati,,
No,76,204440,Northwest State Community College,Other - Archived PDFs,https://northweststate.edu/catalog/2018-2019-academic-catalog/
No,77,126401,Altierus Career College-Colorado Springs,,
No,78,483212,Louisiana Delta Community College,Website - With Syllabus,https://www.ladelta.edu/academics/course-descriptions/
No,79,436429,Los Angeles Film School,,
No,80,117645,Long Beach City College,Other - Archived PDFs,https://www.lbcc.edu/post/college-catalog
No,81,101675,Miles College,,
No,82,228486,Southwestern Christian College,Other - Archived PDFs,https://swcu.edu/academics/academic-catalogs
No,83,158802,Dillard University,,
No,84,199643,Shaw University,Other - Archived PDFs,Most current catalog for 14-15 year. https://www.shawu.edu/Academics/Catalogs.aspx?id=3444
No,85,217721,Benedict College,,
No,86,102270,Stillman College,Other - Catalougue with no descriptions,https://stillman.edu/divisions/course-catalog/
No,87,220598,Lane College,,
No,88,217873,Claflin University,Other - Archived PDFs,https://www.claflin.edu/academics-research/academic-resources-support/academic-catalogs
No,89,218399,Morris College,,
No,90,102298,Talladega College,Other - Archived PDFs,http://www.talladega.edu/academics/catalog.asp
No,91,227854,St Philip's College,,
No,92,220604,Le Moyne-Owen College,Other - Archived PDFs,https://www.loc.edu/academics/course-catalog-and-curriculum/
No,93,163453,Morgan State University,,
Ongoing,94,198756,Johnson C Smith University,Website,https://my.jcsu.edu/ICS/Students/Student_Resources/Default_Page.jnz?portlet=Course_Search
No,95,106306,Arkansas Baptist College,,
No,96,156541,University of the Cumberlands,Other - Archived PDFs,Special PDF viewer - different fom standard. https://www.ucumberlands.edu/academics/academic-catalog/archive
No,97,220710,Maryville College,,
No,98,131098,Wesley College,Other - Archived PDFs,https://wesley.edu/academics/programs/undergraduate-programs/undergraduate-course-catalogs
No,99,202514,Defiance College,,
No,100,152381,Saint Mary-of-the-Woods College,Other - Archived PDFs,https://www.smwc.edu/offices-resources/offices/registrar/college-catalogs/